<?xml version="1.0" encoding="UTF-8"?>
<faces-config xmlns="http://xmlns.jcp.org/xml/ns/javaee"
	xmlns:xsi="http://www.w3.org/2001/XMLSchema-instance"
	xsi:schemaLocation="http://xmlns.jcp.org/xml/ns/javaee http://xmlns.jcp.org/xml/ns/javaee/web-facesconfig_2_2.xsd"
	version="2.2">

	<navigation-rule>
		<from-view-id>/index.xhtml</from-view-id>
		<navigation-case>
			<from-action>#{authenticationAction.authenticate}</from-action>
			<from-outcome>loginSuccess</from-outcome>
			<to-view-id>/client/dashboard.xhtml</to-view-id>
			<redirect />
		</navigation-case>
	</navigation-rule>

	<navigation-rule>
		<from-view-id>/client/dashboard.xhtml</from-view-id>
		<navigation-case>
			<from-action>#{authenticationAction.logout}</from-action>
			<from-outcome>logout</from-outcome>
			<to-view-id>/index.xhtml</to-view-id>
			<redirect />
		</navigation-case>
	</navigation-rule>

	<navigation-rule>
		<from-view-id>/admin/user-list.xhtml</from-view-id>
		<navigation-case>
			<from-action>#{authenticationAction.logout}</from-action>
			<from-outcome>logout</from-outcome>
			<to-view-id>/index.xhtml</to-view-id>
			<redirect />
		</navigation-case>
	</navigation-rule>

	<navigation-rule>
		<from-view-id>/admin/user-details-list.xhtml</from-view-id>
		<navigation-case>
			<from-action>#{authenticationAction.logout}</from-action>
			<from-outcome>logout</from-outcome>
			<to-view-id>/index.xhtml</to-view-id>
			<redirect />
		</navigation-case>
	</navigation-rule>

	<navigation-rule>
		<from-view-id>/admin/study-list.xhtml</from-view-id>
		<navigation-case>
			<from-action>#{authenticationAction.logout}</from-action>
			<from-outcome>logout</from-outcome>
			<to-view-id>/index.xhtml</to-view-id>
			<redirect />
		</navigation-case>
	</navigation-rule>

	<navigation-rule>
		<from-view-id>/admin/research-data-list.xhtml</from-view-id>
		<navigation-case>
			<from-action>#{authenticationAction.logout}</from-action>
			<from-outcome>logout</from-outcome>
			<to-view-id>/index.xhtml</to-view-id>
			<redirect />
		</navigation-case>
	</navigation-rule>

</faces-config>