<?xml version="1.0" encoding="UTF-8"?>
<faces-config version="2.2" xmlns="http://xmlns.jcp.org/xml/ns/javaee"
	xmlns:xsi="http://www.w3.org/2001/XMLSchema-instance"
	xsi:schemaLocation="http://xmlns.jcp.org/xml/ns/javaee http://xmlns.jcp.org/xml/ns/javaee/web-facesconfig_2_2.xsd">

	<navigation-rule>
		<from-view-id>/index.xhtml</from-view-id>
		<navigation-case>
			<from-action>#{authenticationAction.authenticate}</from-action>
			<from-outcome>loginSuccess</from-outcome>
			<to-view-id>/client/user-profile.xhtml</to-view-id>
			<redirect />
		</navigation-case>
		<navigation-case>
			<from-action>#{authenticationAction.authenticate}</from-action>
			<from-outcome>userProfileCompleted</from-outcome>
			<to-view-id>/client/study.xhtml</to-view-id>
			<redirect />
		</navigation-case>
	</navigation-rule>

	<navigation-rule>
		<from-view-id>/client/user-profile.xhtml</from-view-id>
		<navigation-case>
			<from-action>#{clientUserProfileAction.save}</from-action>
			<from-outcome>saved</from-outcome>
			<to-view-id>/client/study.xhtml</to-view-id>
			<redirect />
		</navigation-case>
	</navigation-rule>

	<navigation-rule>
		<from-view-id>*</from-view-id>
		<navigation-case>
			<from-action>#{authenticationAction.logout}</from-action>
			<from-outcome>logout</from-outcome>
			<to-view-id>/index.xhtml</to-view-id>
			<redirect />
		</navigation-case>
	</navigation-rule>

</faces-config>
